Depth,CALI,RDEP,GR,RHOB,NPHI,SP,DTC,Lithology
0.0,12.122057781712218,0.5808986444697989,74.97957950251327,2.3586744848194043,0.21429325190236342,-6.518636275928729,112.19024128972866,shale
10.01001001001001,10.491804682665592,0.5270844796074616,56.25284054550301,2.2388620153084906,0.3062436783986522,-8.977307449464167,98.23624617880681,shale
20.02002002002002,12.914221752914608,0.5872679397027932,39.79697628364019,2.487944411923057,0.33300606845319614,-12.42362696384646,81.4962910006561,shale
30.03003003003003,10.330370522565898,0.4808586141793147,43.05606394681532,2.3210991004831794,0.21459920520191317,-8.534336828177198,106.1129291758949,shale
40.04004004004004,13.002215172116241,0.6992589560948775,39.369823363823826,2.256960916071755,0.2975236624756854,-7.513675503078602,97.40452531261944,shale
50.05005005005005,11.697458656402775,0.9582562395115921,47.3564663913533,2.5087200446038254,0.3430080175767163,-19.937383056999273,100.64451419679881,shale
60.06006006006006,12.15837384689998,0.5380079922517087,39.09227447303204,2.520273805833476,0.28728756625223717,-13.782647391087224,104.40122959175036,shale
70.07007007007007,10.087325371912842,0.6521597718978549,56.58461376615277,2.2910323159739203,0.29299861367528157,-14.590568700968827,104.2612535341069,shale
80.08008008008008,11.327259217182226,1.005823453020268,45.20742997824649,2.3416788017154464,0.33258402825857675,-4.774780545024047,80.29754283538182,shale
90.09009009009009,13.538026985974758,0.3977624432978616,44.935658484405124,2.2241841076996844,0.2966403318308631,-5.988026185401882,95.3752913209714,shale
100.1001001001001,14.542912960429872,0.3816314778539457,61.038766935865326,2.6219139144940606,0.20327555319668905,-1.1874879560871463,85.26583984273634,shale
110.11011011011011,10.914128350593996,0.5626372553386646,54.190516767804226,2.5031190008842996,0.28310355606282966,-2.453836200256031,120.48783832532045,shale
120.12012012012012,11.46123314305721,0.5128683175122959,54.03262666462901,2.678706639221743,0.3127495491211564,-23.769815126128165,90.8898947361073,shale
130.13013013013014,11.298147926386026,0.7272138952105093,45.90565074662506,2.426108572316681,0.281815346109669,-9.591764312903452,97.33225943199702,shale
140.14014014014015,15.964867535280451,0.9205001739702224,52.18420330357278,2.6405581977697112,0.34948181757449115,-9.37058861749712,115.51620642062286,shale
150.15015015015015,9.97721778336319,0.6495099892089666,48.20165474945107,2.3357667970093514,0.28890406378566874,-7.185912727884407,81.26197854154611,shale
160.16016016016016,10.924977641676932,0.42400780952799744,40.17403620335214,2.8163421212408206,0.2949236711210795,-15.196128757385766,105.52267067002344,shale
170.17017017017017,13.836388701839443,0.5142425336321269,34.64343381377961,2.5039325833110193,0.2109524769793757,-7.198879154255257,101.91459985048195,shale
180.18018018018017,12.003668389588666,0.4278239922840287,42.639628399096765,2.5195224916659296,0.2611420172939687,-10.741159372993279,103.98165785619886,shale
190.19019019019018,10.353805370736389,0.6976690521623661,39.7151787368985,2.7202730885860276,0.28282134294885664,-10.92689381727889,108.05708022286788,shale
200.2002002002002,13.66660935801486,0.7652482550699695,55.58261576882168,2.812454526565809,0.33296312880296075,-14.33535488909449,82.45808141486553,shale
210.21021021021022,12.196474035000648,0.8245878669667813,35.14663008244963,2.7181590732376444,0.30391647347001205,-9.653398229747587,80.46485109680009,shale
220.22022022022023,15.407309936433293,0.711430830961318,56.846194238174746,2.175257457189307,0.264171879270489,-7.6787555213561856,89.1643228485649,shale
230.23023023023023,11.272654301662989,0.5157362767787849,56.22540440047451,2.372059477652865,0.3675448354914222,-0.1511422734074781,105.65144081058548,shale
240.24024024024024,13.197248983100422,1.0456215739857309,55.83760999553438,2.2754302488994376,0.3341352799726002,-10.035683242425604,110.97968738645676,shale
250.25025025025025,11.044965852422985,0.6402446507500875,58.61906066823285,2.5048924536609505,0.42921824149483345,-20.878160783791984,84.98522968507041,shale
260.2602602602603,14.605556044874314,0.4460681183858508,31.29197756341705,2.826812468023438,0.36639980911602554,-13.788163017266697,93.73676451879635,shale
270.27027027027026,12.673918185845288,0.7104362460838254,51.96062161876725,2.7657304192256955,0.3554146949660407,-18.20484836764398,100.07065254697442,shale
280.2802802802803,16.19310549114214,1.1797162008231312,52.53641916491011,2.729510831811098,0.2972977355996419,-8.548322917916659,88.58019641321488,shale
290.2902902902903,12.289245892126027,0.915645150352355,42.76766736472723,2.568611775602139,0.3450327892246792,-3.794799705415177,99.83007963426567,shale
300.3003003003003,10.068624293502076,0.4080970592948684,36.935997985333,2.495335697769423,0.3244274699049804,-8.100581002790486,95.42816342229786,shale
310.3103103103103,11.213700183876256,0.3017907829286098,49.52631487181323,2.4335969224670837,0.28506855711281964,-20.735384865659206,103.48098967215486,shale
320.3203203203203,12.501777766332818,0.5275422071942866,51.094316431178896,2.6708318178276675,0.37882264688879413,-14.14709964231206,115.9261371709932,shale
330.33033033033036,12.802020140014267,0.5347313383521801,58.40499198106924,2.9088416213904633,0.23290746872611573,-2.8252016964909723,100.8109799550812,shale
340.34034034034033,12.512422920732632,0.8562306819521228,51.736537899749116,2.4970942838252066,0.20997570071261507,-5.39384457224222,86.44824680553384,shale
350.35035035035037,12.165196898066558,0.9639116643557594,59.102830289579046,2.5875638890739703,0.2159671362217876,-13.295262419444633,103.05447073111901,shale
360.36036036036035,8.463536331121716,0.5287427290587385,56.15071113807145,2.357405493000474,0.22078385247358057,-2.4466261736444617,95.97799355603541,shale
370.3703703703704,12.200801581906891,0.4141357446156253,43.91442823020657,2.1192208466026807,0.4029390597048862,-9.4586792345156,98.75692884483121,shale
380.38038038038036,16.643172990861398,0.5623063098996911,20.302133752697884,2.4432243441273895,0.36783283194363436,-7.601166222073716,111.28888307080665,shale
390.3903903903904,10.307644825491957,0.4886591513725724,57.763624396996825,2.691271244620338,0.29854631931282954,-11.757680393217267,101.25067418670166,shale
400.4004004004004,10.840067009593069,0.4735544253498746,52.20944164564412,2.561356091575623,0.30002796648907354,-10.205320413601996,90.11382429080149,shale
410.4104104104104,9.179630020767602,0.7325002161261942,46.446383812504905,2.3221696203042734,0.21082528268528677,-11.389957357626502,112.68498980678065,shale
420.42042042042044,10.079487561514396,0.5388370726167722,57.013914216485745,2.2498395337732746,0.30336389379593287,-12.051157186390395,87.41007397977121,shale
430.4304304304304,10.288100807999145,0.4516688587727735,55.10953269189436,2.402365623220072,0.2775377905037218,-12.253600579869152,98.47226345776457,shale
440.44044044044045,9.644648726831983,0.8817286546400818,60.929237949963785,2.528907871136532,0.29582990428002515,-7.3756253427355825,121.32811507253551,shale
450.45045045045043,13.134227936637211,0.76124543378655,51.35731154759985,2.2538165521473976,0.2703223690641045,-14.92081009466948,90.65098631016532,shale
460.46046046046047,10.022466959308717,0.38138762789988956,41.023820269542554,2.700808437390445,0.37399808877412977,-10.799802405003812,95.0206510524833,shale
470.47047047047045,11.062295039784424,0.4599268447301502,44.157804939851026,2.552525061265939,0.26144661824037035,-1.3456173925652557,101.10839686049431,shale
480.4804804804805,8.43420252645047,0.5411024694570786,57.64278455469264,2.7374632712071505,0.16476742221901203,-9.08690672463411,105.54878191256313,shale
490.4904904904905,10.974821390812359,0.2755097447927391,45.54457437447303,2.5315734832109444,0.2672744763731215,-14.518579559903966,103.1945861475913,shale
500.5005005005005,13.72323795142789,0.32865985086612653,41.5786085189549,2.3717578888435327,0.26374389539835147,-1.454573075961049,93.193490586371,shale
510.5105105105105,7.778415547780622,0.4525443776651136,45.39791875272904,2.302320767665745,0.2964577482841361,-13.850426467263253,107.82441185443895,shale
520.5205205205206,10.421531579514017,0.8583461776676264,50.43050550115297,2.7993636679617313,0.31040006648152063,-4.143578233192534,106.69249425211387,shale
530.5305305305305,11.560469331099155,0.4217634047859935,48.151131557843165,2.5329686463025682,0.3694443773431698,-7.152838795802688,119.84543427264778,shale
540.5405405405405,11.392061943108256,0.5981907732587797,45.36594178123329,2.470942610934632,0.3049507397700876,-9.064455595158337,104.4113848467641,shale
550.5505505505505,8.670490715276788,0.5146629618422085,60.275728624090476,2.765470180428937,0.3429800651853623,-5.391643350988577,98.24386098267003,shale
560.5605605605606,14.54232649670989,0.6494235781459751,46.749401968129426,2.55693808281946,0.32816579715816996,-22.39944338014332,116.56656241075964,shale
570.5705705705706,8.086156503894175,0.8950853456948726,42.40903690587163,2.2433712293167427,0.21990273206299754,-12.805033129883629,94.67306574371167,shale
580.5805805805805,10.21471316910839,0.6451528298020064,38.86126627215519,2.462058514521165,0.34711842009544513,-2.568699906382851,96.40390353455535,shale
590.5905905905906,9.776319394903608,0.4475357815663945,31.307541301758835,2.0357205108913954,0.2992776031794887,-21.209884958830646,95.28573774041142,shale
600.6006006006006,14.367843812250303,0.47012293714889264,39.097829040081,2.6111381829372733,0.3510511662112753,-10.624638400419869,110.78748521103547,shale
610.6106106106106,11.757318299875513,0.6335280194296503,65.76750230295264,2.5376312124139546,0.25949459873609615,-7.564982439473429,99.94909095456562,shale
620.6206206206206,14.23607550286657,0.6233711041386825,45.01097745973883,3.0881040516840415,0.2790266950705906,-8.009871687518816,99.89931869141684,shale
630.6306306306307,12.902251996512357,0.9092260811083638,68.71874647763812,2.6999214680332977,0.29848714898433476,-13.586161207462432,95.36047826129624,shale
640.6406406406406,13.58379206463811,0.7288720437546399,40.566379800711026,2.5288687689245535,0.31002569166743854,-16.180459457846972,116.58631463356559,shale
650.6506506506506,10.035236654893836,0.5766577008655283,57.783982572345,2.3364294854546768,0.37999425335577597,-5.2687308398896535,114.15561082125421,shale
660.6606606606607,13.098314872200016,0.6507047339317438,43.55997164459661,2.7166845971354716,0.26075975657269757,-13.8110469321651,107.39966624562065,shale
670.6706706706707,10.558493073097871,0.43438959987532433,56.54788837193421,2.3284461602438458,0.3089031745642706,-18.500055002408565,114.96153087114992,shale
680.6806806806807,9.538827413405475,0.8065567134009985,48.23958062749466,2.8014782757868146,0.22083091466183344,-6.8612767467730436,98.02292414657545,shale
690.6906906906906,14.457846978577086,0.48094476292053,48.891388029750736,2.0521716715476295,0.24550330622374636,-6.79242890249574,102.19280471846662,shale
700.7007007007007,10.398954981056445,0.6608895436698965,50.39515058094753,2.817437153510304,0.2639580684077145,-7.2298253029704895,81.19356612432739,shale
710.7107107107107,10.77235014718819,0.6294292810485952,40.099368389429,2.5277296476724302,0.23449757753452533,-15.426318333872288,89.60522678273416,shale
720.7207207207207,11.067288629514826,0.6200907258240419,59.17261839768489,2.233466087232801,0.2691443242669502,-10.118325214751325,87.77756937718951,shale
730.7307307307308,17.368761046054114,0.5312836538454162,51.624883821728055,2.523653646372765,0.20776551815152422,-10.56463167455322,89.71083422245461,shale
740.7407407407408,14.901331302783351,0.6933019049692822,44.3247437696807,2.528557496374939,0.26561366399364233,2.99413842550004,84.82307150926673,shale
750.7507507507507,11.163761679701857,0.9175173637254521,43.6045576087953,2.7200879899082504,0.2524551911381493,-10.833209794662475,97.75393514856775,shale
760.7607607607607,11.769631018941638,0.69634062954921,46.26424614854158,2.6576209481503703,0.31195149153943236,-10.683675096100254,92.60351366563971,shale
770.7707707707708,12.638562390641248,0.4310581200946296,57.364536666556745,2.4077804305579162,0.3487510959112065,-13.926517202656958,106.60872016885146,shale
780.7807807807808,12.756523458990639,0.3304580484816165,43.02256125577798,2.7028178108628604,0.2641064857633942,-7.3071058282503785,111.38740860696007,shale
790.7907907907908,13.598890489089849,0.408199625551531,60.800204488177755,2.4157641350772368,0.29106124670894234,-9.198392824259251,93.01710092866314,shale
800.8008008008007,10.715486543642541,0.6694578091487916,53.03717970997131,2.57248214855923,0.353901526262129,-5.392209478786794,101.70414118313288,shale
810.8108108108108,14.463388583844464,0.6407228020300556,47.0299321536577,2.1369195283812403,0.26745768974993056,-5.441682207411094,109.86811441467498,shale
820.8208208208208,10.517387099799656,0.8976541073381183,38.10564185775409,2.5942910020976293,0.3336579051886864,-2.7444184903752866,93.2480980494153,shale
830.8308308308308,10.954149885730274,0.5006653853868446,39.6604112346413,2.2317554971997433,0.2806225936926427,-9.76639072726204,107.62026465817638,shale
840.8408408408409,11.577357636116957,0.8964527738811585,45.509482699922,2.316976441645722,0.307988803838963,-12.040891414490364,88.95811003642768,shale
850.8508508508509,13.870779215334176,0.7802952832842007,68.88849085869074,2.3315020821771637,0.278956124187966,-11.493499150696156,94.61149155545259,shale
860.8608608608608,12.53293650344702,0.6695217465730874,56.12505071785099,2.371561696121189,0.3215255456669691,-9.356972885618,91.47756874175953,shale
870.8708708708708,11.961818626841959,0.360956696831912,58.08211509323188,2.3535890126144325,0.24822191913413036,-15.66586736866092,99.04196132228462,shale
880.8808808808809,13.351596538056091,0.6266224972632328,45.82804105465031,2.5312308195631514,0.28879281438763216,-9.8478148761239,93.198239042792,shale
890.8908908908909,12.246852657679458,0.23118861444780325,52.83765497987995,2.4662683393995755,0.3176771275939167,-12.599583956689766,104.44938285333458,shale
900.9009009009009,10.038375327249724,0.8095172180558338,53.95801615819055,2.5598967586829877,0.3268607454127595,-11.925028581232038,117.96204964028485,shale
910.910910910911,12.096192685280732,0.4404137160147665,51.567209360988564,2.567744897711183,0.28887460732277176,-11.758271753785088,84.96770658623483,shale
920.9209209209209,10.588689439873253,0.6505825259171313,58.88543565659196,2.746856512462595,0.23982527361488698,-7.590570911611881,119.18058066230594,shale
930.9309309309309,12.967299466939583,0.26151472321582897,54.55479929621417,2.465871711439335,0.3359602032544436,-8.912622628063653,98.33939879372706,shale
940.9409409409409,13.80410216019848,0.8635407407742148,45.26373832900959,2.336385082845032,0.25841162295869796,-3.2446779210288677,98.1646291785357,shale
950.950950950951,10.296981208937906,0.6942163079674785,15.907281234044937,2.4950928895446594,0.24668998002568598,-3.906701861726429,103.63902520543087,shale
960.960960960961,11.939218552545368,0.9169382162834547,59.43838379254068,2.4944939583087677,0.37010034433084216,-17.730662147152987,87.2033890347455,shale
970.9709709709709,12.586731819615538,0.609629835346106,67.03412599581469,2.742957137571928,0.3936686958770573,-7.085991739949283,103.45870886158306,shale
980.980980980981,11.502442184090466,0.3151909258896704,52.36177059744862,2.6132662126004633,0.3023368292460804,-17.042796707419164,104.80536366208375,shale
990.990990990991,14.042307152434628,0.8701292090733534,48.218444127617865,2.64674427917917,0.2882948000106472,-11.536411507495687,95.44431068876825,shale
1001.001001001001,8.51165152369439,0.6714300877567354,48.80508594571048,2.4927869028727923,0.2951558298450474,-7.292166864313138,97.38930832865677,shale
1011.011011011011,8.191434084126657,0.6826941555897794,45.87158597619684,2.2343328562839893,0.2796564328150404,-5.208631298994912,89.27559175960201,shale
1021.021021021021,12.795817109460346,0.5134528445364552,58.17733427473699,2.805242194746264,0.2008433034931295,-7.370266852518809,101.79751350945246,shale
1031.031031031031,14.794034269146731,0.39756085249424167,39.31501387142934,2.541708312441633,0.2808966625127748,-7.733959172672122,102.82276301341159,shale
1041.0410410410411,12.408692020485699,0.6647976874472761,53.23086984362464,2.5110474981898676,0.3425510256341239,-9.942028243148892,98.2321603069934,shale
1051.051051051051,13.901080071064932,0.3532255603234582,62.88718336914765,2.6267708678611053,0.32002478764215625,-13.729479412589898,116.06450249859392,shale
1061.061061061061,15.086418940971155,0.6854283571667421,55.148367018051346,2.389577543876176,0.35894958622956974,-13.280486796576934,105.1822082167726,shale
1071.0710710710712,17.105816365539454,0.5141763899790012,47.48436467162975,2.623496135276594,0.33810153218497974,-6.675465295734501,88.82484118579863,shale
1081.081081081081,12.602538603414107,0.7022195333692476,45.058838294906735,2.694498087410202,0.425632689653505,-12.829703435012604,84.36783123573913,shale
1091.0910910910911,13.981607514627562,0.7117112998518438,55.850579913719145,2.3332955209363964,0.32910573472063087,-11.09944569412503,106.44087060320433,shale
1101.101101101101,9.872356537725281,0.7260543892795717,72.44278256238249,2.5427479182521915,0.3110114158148995,-11.200535769126075,109.9018133064544,shale
1111.111111111111,11.009240445895788,0.6929094527031912,43.60272210570846,2.3086827597650275,0.27144598428699707,4.120713822771,118.15360408907524,shale
1121.1211211211212,12.05962375351924,0.4875395993931073,42.79972116258979,2.474020809882022,0.4233540175467614,-5.444955465506584,105.63333911683456,shale
1131.131131131131,12.728957450995503,0.5876503262297829,49.49810379048536,2.558978077310293,0.31655759956116725,-12.993510092420948,89.71051853157167,shale
1141.1411411411411,14.833940020460226,0.7870467814446657,62.897995511050574,2.65768833158787,0.31056508264486316,-13.206973563196856,93.28665415137117,shale
1151.1511511511512,8.450892219138737,0.28814496851127724,45.58460216489911,2.862645691906623,0.36646067882142314,-9.576549004111028,100.61593999483283,shale
1161.161161161161,12.467414789714839,0.48667714394959494,38.05355372937331,2.6087690729981454,0.3136315198884962,-9.600480739339801,104.69299952481418,shale
1171.1711711711712,14.099439921893623,0.7026676758969836,56.8377806618269,2.514132727891984,0.34093139367533454,-9.302242285051156,98.98869329246777,shale
1181.1811811811813,12.587151684789964,0.7557883674626602,53.64325742120881,2.3358305505482764,0.2575716693048944,-4.475437427549336,105.00422032694817,shale
1191.1911911911911,16.022549035109115,0.7765004707192791,42.16582367024361,2.156137484954425,0.32427715573971744,-11.219578180980376,85.71004525634523,shale
1201.2012012012012,12.919401957757042,0.5137102818152942,58.01715577857127,2.6130689256943014,0.39991278645556694,-14.27830253501728,95.90131792401309,shale
1211.2112112112113,12.07193962214159,0.43400587179078376,49.7357255117884,2.5434303087418697,0.2817531139820894,-11.221553683256836,98.9311318777901,shale
1221.2212212212212,10.988180725001087,0.7985170317803701,49.56045477273816,2.6186554253408802,0.30392876755181675,-12.516473747767565,85.40654297366123,shale
1231.2312312312313,12.412470529965178,0.8012596455811891,52.1125992456132,2.542561654566229,0.3000349823218472,-6.1223410644985545,108.30958509098383,shale
1241.2412412412411,14.793899364680108,0.6661165265942471,44.049308022888326,2.8727536848016126,0.27105628428534856,-7.354746339196881,102.3679395410424,shale
1251.2512512512512,9.720508373744115,0.6609474021870225,54.19270027059674,2.750571820449038,0.32749343111578305,-16.959314641045605,103.58138154303073,shale
1261.2612612612613,10.606721696883664,0.8216309622148189,47.31567118322461,2.705048366719774,0.2266037471511183,-14.972787201343746,98.7917979078452,shale
1271.2712712712712,7.813678425744684,0.27649902031933093,60.49418148147949,2.57286330924053,0.3261130230107335,-3.5438771944665017,88.92510559267946,shale
1281.2812812812813,14.342698136334382,0.540785324320619,66.13306481989508,2.4754887766022953,0.2789835667629242,-12.312263257904354,106.23254400964743,shale
1291.2912912912914,12.772182666959235,0.1797987856066433,50.472499881177434,2.411852607105449,0.33219545010815305,1.085230315880505,83.73988506330741,shale
1301.3013013013012,13.731422158866263,0.7117854054653463,38.915206382472135,2.4981816913040937,0.2648765543054085,-7.519268805088512,108.94994900783348,shale
1311.3113113113113,11.515561437272336,0.44037188604401534,64.01370087295064,2.7891791357759215,0.35392199429900356,-7.087298665075208,112.70870319810638,shale
1321.3213213213214,14.203162986637166,0.5167612358635609,61.99697520432811,2.552979306777118,0.36093078199843687,-3.4626027848750223,89.47525158423853,shale
1331.3313313313313,14.806584411425016,0.6919687279240022,48.359764640185894,2.3861535922777803,0.32507032916390055,-19.80882643864269,101.03729928044805,shale
1341.3413413413414,11.832456976662597,0.716667157306823,57.56548838923815,2.7232313019705545,0.34019464683600287,-0.292449624338472,96.45583853649717,shale
1351.3513513513512,13.013808971190583,0.6575688315323405,62.634908897094405,2.500442103421797,0.3048504591605215,-14.67469231353187,110.84145605676302,shale
1361.3613613613613,14.35328292416272,0.6983380136668319,47.42471400492107,2.3905983157427193,0.41098507975021126,-5.149937534826189,95.49258986325144,shale
1371.3713713713714,10.18457948381848,0.8686139512326104,44.95220240841026,2.8402047154793584,0.3544008410573189,-11.295923628906847,97.25914198101688,shale
1381.3813813813813,10.484400974665036,0.84493449696023,40.472989903764194,2.4963979451118465,0.25674628002245614,-10.775919371370433,91.31197637539,shale
1391.3913913913914,10.892943891759133,0.6090609684884434,47.74193266995337,2.566978571964027,0.29698921479100976,-10.792420337058944,82.32297433161696,shale
1401.4014014014015,14.954893692078498,0.6656588490524132,53.63469934640344,2.394090911309638,0.26584089703443337,-10.844706891197442,92.7216801962775,shale
1411.4114114114113,12.860075455769724,0.20826452904538123,45.48303171416937,2.323948364194626,0.3407657722107017,-7.465611161377195,105.2360088278841,shale
1421.4214214214214,11.805669399152482,0.422940568863858,51.74214163587362,2.575462299256292,0.3685919779216008,-15.556315619251855,93.11106962252313,shale
1431.4314314314315,6.813439169141564,0.2995070292501866,72.26270055625477,2.3873013011325352,0.1983922834189359,-11.22371878136467,101.59575382675301,shale
1441.4414414414414,12.805911886553568,0.7734590226565219,41.928046180730625,2.5357080167595107,0.33278680523237675,-15.124940163914308,100.03021945540411,shale
1451.4514514514515,13.459390702428411,0.5982039283862622,39.91733791446791,2.492393358615881,0.23511480752393193,-9.244400630178916,103.68582648602481,shale
1461.4614614614616,11.12785104706679,0.7564315608521839,48.63544992133352,2.5324985532420534,0.3111575130110034,-12.296409707033579,97.13770630066601,shale
1471.4714714714714,12.957946126630851,0.9729491227228578,32.403753234205034,2.6997283472526887,0.20705465011308438,-8.281827073453945,84.41024866518569,shale
1481.4814814814815,12.986259097867174,0.5186626491392374,56.336569466849824,2.451682002980939,0.3346840373392782,-11.429458261544305,110.3031499985898,shale
1491.4914914914914,9.24814265902204,0.7617184278051474,41.84050497514704,2.667250236426595,0.3020138986824752,-5.19725785773764,111.57942061721118,shale
1501.5015015015015,13.075706336751615,0.3219102479152741,38.95363687605705,2.243366568547863,0.24433507648737074,-12.645397247303814,98.9502773054523,shale
1511.5115115115116,12.128317032332879,0.7210948633742171,35.13098259448833,2.8064836328078244,0.3433808714615371,-11.650275942113854,92.20367361134002,shale
1521.5215215215214,14.086842731938019,0.6123391198317338,56.92040159275054,2.2768991123520865,0.16114518356923208,-2.437422261970596,110.06500620004488,shale
1531.5315315315315,10.28642895690957,0.744108686664373,64.63142127733757,2.6174095564972775,0.29861189398536847,-12.846146597179999,81.27433553322882,shale
1541.5415415415416,11.315659066753957,0.14450550637514303,43.45115663696023,2.852338039839897,0.3387545868338946,-17.58026575326695,104.66024623172301,shale
1551.5515515515515,13.135410159958886,0.7244551375551096,59.03155752535802,2.5244297573035577,0.3645193892260169,-4.969831093344675,99.31528580008994,shale
1561.5615615615616,9.226987668013857,0.7684645041704965,53.21915392080156,2.6145262059241676,0.22752382546203054,-16.561990617551913,101.00078745366372,shale
1571.5715715715717,12.637500189299262,0.3889839417221162,61.3308084426262,2.6419070620608665,0.23328689484998255,-6.156386213031262,116.1702119886967,shale
1581.5815815815815,9.49693689831053,0.4322983788424839,49.58154031381655,2.538576258701786,0.3460133422597587,-4.542675169049736,109.93887994820221,shale
1591.5915915915916,15.18373539862364,0.7228209226711504,50.052277988188415,2.5662711187993654,0.3108050549158216,-14.42813242968474,94.748253784182,shale
1601.6016016016015,12.170757323043501,0.6246701758904679,39.578216887233715,2.4714008886307743,0.3880108791926468,-1.218780428335629,87.4506048442918,shale
1611.6116116116116,10.262653965038858,0.6956545075505258,51.24583162297593,2.586715813619937,0.3389951322112733,-22.541980261956766,94.50321569369473,shale
1621.6216216216217,9.791372139004167,0.3291349506725338,60.108533035139374,2.5898633119024717,0.37318393084976215,-13.491272002433872,110.4271728127864,shale
1631.6316316316315,9.648860716961565,0.19292235909630928,50.78123688834773,2.399191351112081,0.3353951694708645,-5.976589590534459,100.28271049542778,shale
1641.6416416416416,11.926557260733553,0.6600184002489945,39.45260525914562,2.2472364936319984,0.35156991401082044,-1.5970332153077056,90.36011742080535,shale
1651.6516516516517,13.049066252151066,0.5867948215318941,37.08657479743238,2.8016362626433757,0.28082773207888795,-5.993317593280657,106.17945623824642,shale
1661.6616616616616,15.37204020058909,0.20202134258676058,37.54830573937149,2.635531644195575,0.3549002598623583,-21.157015208242665,91.02264947531543,shale
1671.6716716716717,9.945566285418613,0.35898779389870794,45.84486477193887,2.699893008189457,0.28135738445058184,-6.138874621876594,97.20790068526709,shale
1681.6816816816818,15.796774646229926,1.136132196494642,50.5744047266468,2.855155586627491,0.3342055776869284,-16.83809511309534,89.52491728544746,shale
1691.6916916916916,12.03573328619447,0.6895688209269445,60.54021482299092,2.2580315031738882,0.2595981020750841,-15.451602014728172,89.58184412590678,shale
1701.7017017017017,12.24259591416285,1.027369570576302,49.079118941982635,2.5670571927741,0.34371333480135846,-14.55812934488246,105.87100283501992,shale
1711.7117117117118,10.681207041455162,0.3821090582501168,44.95042553798635,2.452755556718148,0.25330859835534586,-6.473611516568983,72.1955398767955,shale
1721.7217217217217,10.602353273713083,0.4941697155451944,41.90378940461647,2.3613870570667093,0.2534433031814608,-10.942486187360544,116.164893735385,shale
1731.7317317317318,8.334027787526116,0.6459137459248159,60.21583180260123,2.4680664972577535,0.35139826968332827,-10.9089903688628,96.45102815373937,shale
1741.7417417417416,12.087197385155042,0.3901426193414361,58.223610654874506,2.659276537616875,0.320569043138585,-3.6999462009984523,91.434232346819,shale
1751.7517517517517,9.910721401880405,0.50497295072877,40.95354373041333,2.3448329896472657,0.31784038019632394,-13.579699608682875,105.63261585437996,shale
1761.7617617617618,12.028411084696478,0.7492817502540534,42.13893245399614,2.3494329106517062,0.30136640255977726,-9.096344770908601,98.9433403206575,shale
1771.7717717717717,8.534692091222356,0.6660407647028755,45.313690355477284,2.4547531411014436,0.17954392693936386,-3.598463965195484,112.50395092407128,shale
1781.7817817817818,9.225155552299881,0.3056001973511682,49.270863570125826,2.4107409378198126,0.28504660408645777,-17.939798417348868,91.46442870833053,shale
1791.7917917917919,13.090348733267732,0.4668497964085923,49.55767079928995,2.656494466515976,0.3654559397186724,-10.363871342467304,100.38426011637696,shale
1801.8018018018017,13.915018498117588,0.880804216170831,41.46188334623339,2.499103392612986,0.44281582973662453,-8.921494850491209,98.28619526303707,shale
1811.8118118118118,13.032027181498464,0.7012766152302441,56.829297835279235,2.447983166595871,0.3019643992877242,-3.5814527227329496,95.65525053987255,shale
1821.821821821822,10.51223936215968,0.303426134877581,50.847209533493135,2.3557485166628496,0.37474582827556663,-10.535720533006431,109.24774863078663,shale
1831.8318318318318,10.600995238233512,0.5040666864731635,35.63510288735276,2.3444118863154446,0.262351044859133,-5.417855734115477,106.97026150713064,shale
1841.8418418418419,13.261577693834846,0.36248696871584585,58.61567914540501,2.345347169303745,0.3191724973268294,-7.086298244571043,109.21486522051971,shale
1851.851851851852,13.800562799117458,0.6261240527152001,40.269361707779325,2.45237810183951,0.2945292114878352,-12.996839564768633,102.65345488628056,shale
1861.8618618618618,14.574838866120654,0.543948325705163,61.341335260039536,2.3420137026584764,0.2502249582640523,-12.734832625048124,119.94264959601634,shale
1871.871871871872,11.035313898258503,0.9181187648553318,45.783964045397234,2.2802365706493037,0.27284086261992335,-7.804720474265373,95.17590928888676,shale
1881.8818818818818,12.394899025353574,0.6332167544877657,58.636585091368396,2.6637444485508484,0.24068633496056185,-1.6404279361758825,84.94789109601578,shale
1891.8918918918919,12.697789146651473,0.9010389752424666,45.03052263678381,2.4997433454529445,0.29696300275215426,-11.149081201462282,105.14602535742264,shale
1901.901901901902,11.915724687416093,0.6645517241756321,39.65802448991904,2.0049759767971302,0.22300796498411124,-18.65757115346282,97.91707259716723,shale
1911.9119119119118,11.843779829314425,0.49346786696969097,48.0768687412482,2.612302460137073,0.3019948419040636,-14.049641584607048,106.65316762070029,shale
1921.921921921922,8.256916747076648,0.43549741845686585,64.57060855301421,2.728888553487389,0.32053296094688116,-9.478453234158463,84.07113870242941,shale
1931.931931931932,11.62037153198706,0.5055442300062882,63.400354404091836,2.5006001261319457,0.2661531020610279,-3.7074131386659195,102.62042220036693,shale
1941.9419419419419,15.37844057421977,0.2771658017331411,50.78676610150352,2.704257520993389,0.2808150239742915,-1.956442761043471,96.79782169550015,shale
1951.951951951952,11.271315519369669,0.87848733503329,30.43256556356449,2.5872277103530585,0.2332249854579783,-11.8804880665403,100.77140676435714,shale
1961.961961961962,11.804250366421964,0.5890887607762438,44.835354343107156,2.068562106181058,0.2733249798586499,-8.74994619639904,94.03612336143387,shale
1971.971971971972,13.231693997028039,0.6492021198110792,57.14822700038518,2.6591053178860626,0.3950284161636756,-13.92464792518744,88.79988674547648,shale
1981.981981981982,13.222892791096402,0.6769899676218363,64.14045108055711,2.3945069576100795,0.23721886348687754,-2.912256918419791,84.26135816534718,shale
1991.9919919919919,10.297692557888281,0.7768172905086058,57.80387905070403,2.366489546601219,0.30594079338996477,-3.3475260663535167,82.84463720526072,shale
2002.002002002002,10.703980901120485,0.6356719779205425,51.64324040366897,2.5437486697144984,0.27561783656583705,-5.703012675580817,91.51650392521707,shale
2012.012012012012,12.118998865885656,0.6022385381973404,45.40734604151005,2.677696339432481,0.35430570698011843,-14.226840540287682,108.52353845332526,shale
2022.022022022022,13.14666848141116,0.6547976274350477,45.89505996718904,2.5956208955786004,0.2843816312697383,-16.490154369671107,113.08654110968598,shale
2032.032032032032,12.182204205414562,0.9946515553407165,49.8128861229946,2.652002981508594,0.25166161561112455,0.3569391209358841,101.73339657183925,shale
2042.042042042042,11.316861427839461,0.3076754244515918,68.1239799780075,2.5160724784558304,0.2220824700381246,-6.249565309033242,87.24835166405487,shale
2052.052052052052,12.489851911651721,0.474676491941706,53.0273354302573,2.3338709896238665,0.33101453946875775,-11.782108385876485,105.74798015198745,shale
2062.062062062062,10.786587918692073,0.434498214774643,67.44148452159989,2.555219793337912,0.19489667897106577,-11.258430206375452,110.90592364508535,shale
2072.072072072072,10.419118289723128,0.7572948477777778,60.71171173349467,2.5718272663772903,0.308629538567499,-16.878340908617584,106.92477611377531,shale
2082.0820820820823,13.312678965561444,0.46667899901576415,50.32520289556912,2.352101689166585,0.25963615029222,-5.836512947828239,100.30105439729587,shale
2092.092092092092,10.727720184133041,0.8203354440675918,35.26938347290306,2.3019450618760855,0.3955939163733206,-5.031086076169075,91.46612613476815,shale
2102.102102102102,12.954326738503863,0.7098011845709635,45.09331589716453,2.6537135223783497,0.37044265636544604,-1.1119627267658103,102.18708775289181,shale
2112.1121121121123,14.633162814192367,0.7576822657457596,39.38154539403759,2.8425743028839405,0.4180031777384834,-9.170280754825031,98.52467722333549,shale
2122.122122122122,11.671484480929415,0.6106212654441611,35.106303730067616,2.4920511639262495,0.2599906351701672,-5.105037921059647,90.62004267046056,shale
2132.132132132132,11.159804136831822,0.4535812077612168,66.94579545547245,2.508002907976301,0.3055540289553659,-8.242117290545593,91.00885498169293,shale
2142.1421421421423,10.657721865417285,0.38583369267788054,73.85978406861955,2.365141944061231,0.31078787653419476,-8.010751312189974,110.3251830321791,shale
2152.152152152152,12.072233768547438,0.6085709080401454,56.2693238307719,2.3366853120836817,0.32777776667186637,-3.819591158930301,105.64860849374524,shale
2162.162162162162,9.6850217158793,0.6925258251686844,54.032706431553436,2.652673273902856,0.30476858388506395,-4.942000689715268,105.5879203764063,shale
2172.1721721721724,15.284568993091478,0.8904637370899626,47.94507320271534,2.475800720872303,0.3463255044871536,-8.94111032434532,104.4470418369959,shale
2182.1821821821823,10.690587216141948,0.7461115424245471,41.36832902809127,2.6667985090559827,0.21172637975333675,-10.879835045348607,114.76472199727321,shale
2192.192192192192,8.989700874983896,0.7102696894207543,47.76434789178873,2.5304000686735395,0.27339629813662064,-3.25506185615742,103.1039122220025,shale
2202.202202202202,10.299747969738636,0.6830226729868197,39.47780501787663,2.5433294604500447,0.251404566599999,-6.961271089255227,95.10300219937093,shale
2212.2122122122123,11.289036685740996,0.8671159285333243,52.501930053358635,2.4712266655580777,0.32728323734373244,-10.46510666396977,82.56695806251915,shale
2222.222222222222,14.139800704250133,0.40911643708573964,34.1112316339788,2.4711804241528252,0.24813425236267694,-8.732078700209797,93.76646109345434,shale
2232.232232232232,13.813023819068691,0.37495158009932505,47.280117157550855,2.1469666885474203,0.29930580173976495,-2.8568719035811485,93.9551487745678,shale
2242.2422422422424,14.313327129846314,0.6810355047293843,48.54769805667238,2.73747326930592,0.2230148513877594,-15.547688286787775,110.96757218447955,shale
2252.252252252252,12.850218215706942,0.4518847528262222,67.15781229771042,2.801240856965255,0.2495432894599055,-7.175949765438846,102.43315828544172,shale
2262.262262262262,10.575941274018072,0.8516449185316549,64.30664413502608,2.353855438454009,0.364807059395877,-12.936338968786998,111.62411259316654,shale
2272.2722722722724,13.776042214196842,0.3436590183047247,56.32042912647682,2.351971036688706,0.2323594553145612,-8.64097924678175,117.51786653234133,shale
2282.2822822822823,14.368912956350108,0.4766875703063467,28.916463085994756,2.7653863225607034,0.3331014124503658,-6.727952100219719,105.46124780184144,shale
2292.292292292292,10.857589781297184,0.4353634354359619,63.31953624220543,2.61441617271103,0.27657155366451347,-10.041998392098414,106.89442982475177,shale
2302.3023023023025,12.667754942796812,0.7763554282314966,27.794125879988407,2.3437753850038714,0.3951633887011216,-13.116680874518048,110.80119749761268,shale
2312.3123123123123,11.495943848900199,0.4556107536553977,37.30125558932265,2.4849030944981814,0.34501184257002404,-19.763178454400112,82.779204400119,shale
2322.322322322322,10.035483666727039,0.6700370469076568,61.84244632922337,2.714656955699197,0.2712514804676214,-18.22623835525589,100.12732329135495,shale
2332.3323323323325,11.277029468538098,0.738210478821982,46.09531917972866,2.5000735838850643,0.3314625734243244,-9.438538634950856,93.86506046155874,shale
2342.3423423423424,14.246675046062087,0.8474245059719635,62.437114105431775,2.5933685870546683,0.27516948422379245,-15.443861679913427,94.12875194251238,shale
2352.352352352352,14.314991268264205,0.9225183139631234,46.3091990068321,2.4726853621507976,0.24157284934989992,-15.878648223200805,103.63928613843711,shale
2362.3623623623625,11.529675275026998,0.6532833299261179,34.672592689377026,2.440022504685166,0.32438805003530236,-0.5712415860990276,103.01629171613314,shale
2372.3723723723724,12.684086089633437,0.5207634924050666,56.67423063261924,2.683014188359331,0.26618952028530485,-12.411161223440676,98.481369935005,shale
2382.3823823823823,12.847447809141304,0.44157855900308673,58.53877236126448,2.5116272631310155,0.2871392787373964,-14.381619396162575,107.78865727760596,shale
2392.3923923923926,11.141808064429183,0.530533974642582,46.846802744302074,2.628134718821311,0.3236127837060366,-22.166689779809303,86.79379661843183,shale
2402.4024024024025,12.592480120525616,0.6397582772663694,58.34810588407433,2.317121377522049,0.30443734885874535,-13.504150236476242,102.26842615841169,shale
2412.4124124124123,8.377993750446226,0.5485630033105678,42.98049489523088,2.2077014217145425,0.18116733789471834,-1.5528637556932452,108.94308630936683,shale
2422.4224224224226,13.190893458893584,0.5957716415174786,62.237567591803995,2.607620547186524,0.35791161853913267,-29.04381611710751,107.7999491597446,shale
2432.4324324324325,12.649858751775797,0.6473298570446973,58.160100292232656,2.4984547969512048,0.2714173210120133,-14.244181564283926,97.45587948674371,shale
2442.4424424424424,14.024400082879206,0.2743654742694942,55.3061549056834,2.6958925520786092,0.3049444907934608,-8.650532294273269,83.20072592338661,shale
2452.4524524524522,15.18411670125333,0.5881684811327305,48.45448138744847,2.398770181474878,0.3261109988569374,-10.64705040748771,102.39374738156226,shale
2462.4624624624626,10.031039484041209,0.6558655598887372,44.20029764511013,2.42206369769214,0.2981600055947481,-17.78055999786576,90.14871349384858,shale
2472.4724724724724,13.067097469824182,0.68439203767041,51.40504191810617,2.3120151188570226,0.3184739107566772,-14.267731598235383,82.75198766414897,shale
2482.4824824824823,15.397594987385363,0.7064215663352442,57.748349762790944,2.482033932194138,0.34189734553748813,-13.876023979503168,108.11043869212803,shale
2492.4924924924926,13.24621544155146,0.6018586571422349,57.335756973773385,2.381383214072985,0.3358954213379954,-0.4863982710116943,105.8111217854468,shale
2502.5025025025025,8.336949780714544,0.8149158614579216,43.0975767807699,2.524618313625448,0.32910609951483194,-16.11829873727272,102.60077415326302,shale
2512.5125125125123,11.342410533109502,0.8334047915213405,49.96569322046621,2.7875317275639957,0.3480334407050201,-14.426702168434137,97.4262267483771,shale
2522.5225225225226,12.854468904577276,0.5362956276445101,48.22682149448206,2.4792025737256984,0.28432612686781294,-8.380918297534796,100.62241174025505,shale
2532.5325325325325,12.008213809093068,0.5077177133722582,26.53148162245303,2.707239703639381,0.2789856030840127,-9.472359843901454,101.35017617965256,shale
2542.5425425425424,15.738214691280673,0.4870709294245136,50.24150932884322,2.566891668610064,0.2782286261111513,-11.051020851958942,90.02161134359032,shale
2552.5525525525527,15.914196791607436,0.5004609624090282,51.767394207268694,2.4834249935162704,0.3042724228753533,-11.673731630863639,109.0191944593684,shale
2562.5625625625626,10.666389212568424,0.48879046784955893,48.872680659036426,2.6357150385129517,0.29820387954637095,-3.58406316830152,108.3370902420498,shale
2572.5725725725724,12.769119966065427,0.5994574581123673,51.129078445883586,2.5620349372451883,0.304484752263168,-11.33790094621816,90.70383538120403,shale
2582.5825825825827,14.232088944513944,0.4127166769454702,49.22055979400737,2.580486069171832,0.13532359919445475,-6.202697834412355,99.61037900044396,shale
2592.5925925925926,12.758821745386742,0.4681747202445784,63.58337971101439,2.647461548649962,0.31808219790513037,-4.467498881858823,114.00629540745622,shale
2602.6026026026025,13.58946673610574,0.6576763995375354,70.13177277750967,2.7150376194973145,0.32097997453408966,-12.828443811493798,131.34170637144416,shale
2612.612612612613,9.510507793451584,0.5364750754430275,48.15469426478961,2.472564063329098,0.2507519053179598,-5.716398530528654,102.78939888451954,shale
2622.6226226226227,10.508251282214772,0.534150790787233,65.44989786368333,2.707614562770059,0.3775595608598818,-3.172275859580772,107.66247355806424,shale
2632.6326326326325,7.729659862286772,0.5099654878657445,56.09546878020826,2.529979671163639,0.2839394218804673,2.048751884609885,91.81845946664207,shale
2642.642642642643,10.351425421472612,0.5802729890317954,69.98427462103416,2.6614431694614655,0.34951771364984313,-9.542869513171397,88.2818637326243,shale
2652.6526526526527,10.201286911410484,0.7221364765367152,54.2676854881342,2.6757074806397267,0.34265648286054395,-12.734383268059064,92.83801365500013,shale
2662.6626626626626,7.90887920235826,0.5938359900202307,55.73418917965703,2.765965415675347,0.3062284690117776,-14.189121708429735,112.07533933266961,shale
2672.672672672673,11.269913116452347,0.6463808073279689,38.35486830347373,2.424458234037678,0.3381886464753078,2.7049820935181117,98.28226127140566,shale
2682.6826826826828,9.370227524344346,0.45819610920846743,46.80588760634095,2.5563146185702488,0.2436092381869565,-3.14958761534686,104.599717080195,shale
2692.6926926926926,8.74047474673135,0.7113389848096312,42.80244506664917,2.6857791862383147,0.2945813496606054,-0.9584357217573913,116.33968902602865,shale
2702.7027027027025,10.292752229152509,0.6953150261807217,43.24756046344285,2.5751476674964047,0.3412898656085533,-5.443779931473431,105.27191563419017,shale
2712.712712712713,11.680439819066002,0.6179743478734959,53.62960130807008,2.20026898843499,0.2703126999117954,-11.821926758832175,103.47694320486235,shale
2722.7227227227227,12.476139587006713,0.306608148395634,50.86387034732744,2.5053933434654905,0.28781784649590286,-14.037636801486293,100.17495748392255,shale
2732.7327327327325,10.910646925555316,0.9215657955463822,42.85800608071661,2.5244797646334964,0.3291007599482156,-16.252452048656302,108.35274669644065,shale
2742.742742742743,13.305523092089002,0.5707296035781323,68.62387110888416,2.8672091548001846,0.30536199775510553,-15.46618166143827,119.36510178489905,shale
2752.7527527527527,13.30370049496894,0.4304923550395966,50.47792438339435,2.258229353421165,0.30533626346774884,-4.039258068108024,92.84022128937146,shale
2762.7627627627626,15.985875033399893,0.4312032617116839,60.157999980293596,2.305201068931302,0.13874762295827617,-10.993522492540825,95.36277667665347,shale
2772.772772772773,14.398966481559523,0.5834218888920837,48.00105959755639,2.342207229626646,0.3644387461696263,-10.047240995291096,87.43370704498227,shale
2782.7827827827828,14.563001207265067,0.7247623485407315,37.21950078359019,2.9269314034993985,0.2727722206539164,-2.935325277550773,105.08408371014458,shale
2792.7927927927926,10.604110211746553,0.5795682610863931,37.25011598637082,2.4757267932298714,0.2564054659386563,-6.702532740392046,90.4055078487881,shale
2802.802802802803,10.14830123603196,0.8852159970986431,60.857177321068235,2.624148858181681,0.28213853551598245,-14.722655458660611,98.71221815942836,shale
2812.812812812813,11.377111356724145,0.6351713399115697,55.79541756131554,2.2463508032623016,0.39004619344305363,-12.769385709572234,101.5655187356961,shale
2822.8228228228227,10.355240374723271,0.6736765607422192,64.92548930156585,2.4739230716357388,0.25213272393675124,-20.384433615666715,95.56393158083738,shale
2832.832832832833,15.34764077573978,0.43048777510093894,45.46001978913176,2.831161938075412,0.29609142576705394,-12.845415129365355,79.51185134461686,shale
2842.842842842843,8.816901015272903,0.7020920026839877,72.89314312915164,2.303022447492384,0.3263188150418746,-9.015776959406425,104.0246005822068,shale
2852.8528528528527,12.008025387006626,0.45700295476534325,44.861855202690094,2.4857902931182823,0.3041056530532299,-14.030908407626988,99.19020757587789,shale
2862.862862862863,12.14251708750451,0.8848608215573297,52.033499004030375,2.4876247083740393,0.3505408317816126,-12.498054059960642,96.87899353487583,shale
2872.872872872873,11.276268306475625,0.8530494162477904,48.996103279224755,2.4732545380090043,0.3114050509555143,-10.466028767044495,77.44186222247131,shale
2882.8828828828828,9.351129949000782,0.5371804400273499,45.893905300109374,2.829801233794342,0.2944296990172048,-7.14273423503102,114.87064643334541,shale
2892.892892892893,9.51708681525388,0.6781945765511064,56.476047491272865,2.6146659564220167,0.2962947912611774,-6.56222331387383,93.52706719691162,shale
2902.902902902903,12.294996733689254,0.9826600197020018,58.100345348789794,2.5216754862572794,0.2932182130596561,-12.129672010712694,118.07247114230422,shale
2912.912912912913,9.64045475628102,0.7405507737322365,48.47172848188721,2.679300888480828,0.23023143662926526,1.428160401805492,110.35804062217758,shale
2922.922922922923,12.245425555920587,0.9096037038779278,37.098050785633674,2.439176424102093,0.2826680420379693,-3.3737296114256496,102.97487653643944,shale
2932.932932932933,12.648479805074716,0.3992005888997837,70.44396963688845,2.1867872623145668,0.3518021167233314,-10.46509322878595,111.95103410675199,shale
2942.942942942943,10.83021888040783,0.6626553003076882,46.29763182622491,2.2627949318463707,0.23648615921712896,-14.889413901359383,109.10631453126553,shale
2952.9529529529527,12.903260842739337,0.5091434251567852,52.52814843321063,2.4774811685571745,0.34722118718967526,-10.90495415236415,101.91931608546994,shale
2962.962962962963,12.929921044705383,0.7547878753192387,33.73614769097948,2.7877838026354786,0.24513559906338242,-6.782255585206585,104.49225700811333,shale
2972.972972972973,9.771445615838141,0.7747848668571337,61.69994874319996,2.480442126570625,0.328079419411184,-12.871283235090129,93.9245972058302,shale
2982.982982982983,13.534676055903029,0.4760663357481049,42.94763385551633,2.38627201848085,0.2674973154200243,-1.0297268520408789,94.74528829304522,shale
2992.992992992993,10.287440502043221,0.2549302011678087,63.91490937568894,2.7076993205811166,0.26454081570410215,-13.315971635452648,118.71543426315353,shale
3003.003003003003,10.00934501656329,0.8096256335053016,48.143482668113315,2.419370310476532,0.3435020921709253,-6.701230283853963,109.82676563350518,shale
3013.013013013013,10.559259966251037,0.7351786383223895,56.71174630257669,2.6743374357686718,0.23175267324649473,-14.818538749719949,93.35687075169974,shale
3023.023023023023,16.21516926563305,1.0533342457186103,46.27741100710768,2.5032773954346794,0.21397250735990797,-4.555528007260859,92.82568115910883,shale
3033.033033033033,15.19059423058985,0.6278575085092628,51.41503752368731,2.751648872901807,0.3492616328832769,-13.99986821388538,101.43432145092794,shale
3043.043043043043,12.236577567031112,0.45689070056520753,52.74303488210514,2.464115941094245,0.342299448774945,-17.579334592716688,96.12193705958784,shale
3053.053053053053,8.743231221221645,0.7132420198695146,49.39891225546497,2.21993326595126,0.19026008057440635,-8.508733278271096,97.46425273590353,shale
3063.063063063063,12.030170500316235,0.8112483491168788,63.198388680878395,2.302418068122068,0.39146719075214914,-13.439159758397377,103.43289220431582,shale
3073.073073073073,12.933479473657487,0.6253558743089401,43.24797699151017,2.6714083867845866,0.37912304959935433,-16.366195361340804,99.4628113903352,shale
3083.0830830830832,13.954166803488047,0.8066053221171403,45.193663011734856,2.6248532753896923,0.22730685095220704,-13.04918577833761,101.7588133053784,shale
3093.093093093093,10.911748538672672,0.20108082986165082,41.66195408687655,2.7492799338078386,0.2613214018453535,-7.974392192450241,82.10149586009055,shale
3103.103103103103,12.114801706398808,0.48030183345287913,37.10697183685646,2.4399008991050435,0.21556505877558563,-7.29956005963172,102.76126614772167,shale
3113.1131131131133,14.6414221012047,0.4331871193354322,41.18264863646814,2.0531473898497543,0.31885619088610756,-9.797708363727898,94.51800614701772,shale
3123.123123123123,16.84000192294928,0.7516866101987953,48.63545525480831,2.4475340905441425,0.29464492565618067,-7.121441346236426,78.22445511453526,shale
3133.133133133133,7.646194007024626,0.4458193817725427,77.91792743003116,2.8197854095191865,0.2418388925948037,-10.141139619773417,94.95329147699843,shale
3143.1431431431433,15.746979089427438,0.8517473395958632,40.507375171874926,2.585187156201189,0.28505055276034164,-11.763948382477126,89.15926371973643,shale
3153.153153153153,10.37666264951901,0.7119162296860821,59.970839956871394,2.674265907034613,0.35619439474369824,-15.857953298271372,94.0246586390574,shale
3163.163163163163,10.576502308388548,0.6259599430610846,45.6745622237107,2.4753081593129282,0.335304487034619,-17.785217662715358,110.09083497406172,shale
3173.1731731731734,11.849659598399374,0.7081317457038393,53.80612929122871,2.580060163176217,0.3137483877069141,-6.256868808536132,88.02101263241694,shale
3183.1831831831832,11.789368534159332,0.8316006678016645,53.82927708946475,2.375634822870391,0.32039915539916924,-12.450968786720615,82.87553226208317,shale
3193.193193193193,10.29323111884229,0.4559855987992415,44.63709102248305,2.7462589166680855,0.33644290256329507,-20.230857262169526,104.54065745477575,shale
3203.203203203203,9.584718493007706,0.7026365133869612,49.36953437362661,2.2982338695736075,0.2973843944046575,-19.129636188814843,93.26882901317938,shale
3213.2132132132133,11.435786265253622,0.8521197528976301,46.94846557933422,2.393962536928162,0.23920680432497698,-17.855889863923313,97.02002096643079,shale
3223.223223223223,9.402084381501119,0.45739437950681117,40.8500966097981,2.5872089828415006,0.25937463158205587,-8.423642208792561,92.75935150989268,shale
3233.233233233233,12.483040197297877,0.5629224247713366,43.1936627052671,2.3674195468301917,0.4064162078808864,-9.161217084686161,91.5546237276153,shale
3243.2432432432433,13.524905179992103,0.3921619270338097,54.4561927077458,2.4137730791411314,0.29283735462982746,-12.66003816125631,108.89049434515432,shale
3253.253253253253,9.520210381040604,0.3123915332025233,22.44686200980897,2.329302539323568,0.262136281960611,-8.000539508979385,103.24233135244393,shale
3263.263263263263,14.003348085422841,0.2010908723622259,63.11517952918965,2.5187945710936597,0.3028851954831093,-14.615709071715877,119.39116484046531,shale
3273.2732732732734,11.020469703035761,0.8141846812128652,40.95983395240479,2.3057675713012835,0.20902422085454764,-8.343378542997545,90.2931972362833,shale
3283.2832832832833,15.52071954860822,0.1953573893457834,80.88927262602408,2.7335794398416318,0.34452084287365037,-12.272521564198613,105.74740807879934,shale
3293.293293293293,12.335338991090934,0.2484873582780161,54.32698288510257,2.4720859648152245,0.32602162523990774,-10.174465703220179,86.67900013955423,shale
3303.3033033033034,11.087881137119117,0.9806816574479136,50.19155926197761,2.4242935134765884,0.26093110716987655,-5.269110123658078,95.45278626651015,shale
3313.3133133133133,15.983565333619383,0.7169121205953193,48.59975963177612,2.3906841495301645,0.305336411365008,-1.5069236279427027,109.85499346286404,shale
3323.323323323323,11.93974534685025,0.6768811514184803,47.177250136389894,2.497285088537079,0.33226804192784815,-18.720441293503413,104.54366061532546,shale
3333.3333333333335,12.103830192120562,1.0137562521618442,42.55717851089192,2.6322225510246358,0.340862981773236,-9.617654153293156,91.67743430772816,shale
3343.3433433433433,11.764594287239314,0.298242111044425,50.9171066815938,2.5304052174338323,0.21018678949021433,-9.307490513076333,94.08701181953506,shale
3353.353353353353,12.39285067823799,0.7420085462675714,41.01611808413749,2.5020525447501627,0.32720288463464986,-12.250318205511295,87.54544731608694,shale
3363.3633633633635,14.534596914077689,0.5556332680238196,61.52021142214076,2.4660358412146457,0.2674325335136421,-17.066230821242414,108.69684141219247,shale
3373.3733733733734,14.623526789437285,0.6264912020743367,47.46504583534738,2.567501947140619,0.24546610730726554,-9.165709960561717,102.69421552699391,shale
3383.3833833833833,9.263172681120869,0.3851302349454655,59.36644174778778,2.5574479845223994,0.18708983029168608,-3.509472587846335,82.46460457734963,shale
3393.3933933933936,9.916289704988282,0.5228865797448323,36.68500043299057,2.382665551329225,0.32397036030760357,-11.761267740602307,101.89037451128603,shale
3403.4034034034034,13.0388576576586,0.54216785804181,59.620661338279405,2.646321257177024,0.3069247256311488,-8.608377273818569,112.0615634826757,shale
3413.4134134134133,10.419825778085585,0.31108751539797136,34.83789737842244,2.4192480841080104,0.3894381625155757,-4.399616004699032,84.60599878006894,shale
3423.4234234234236,13.242368671363042,0.7344302641213512,51.86010417643024,2.5905710184175437,0.2341279543412705,-5.47848912509104,110.573144385024,shale
3433.4334334334335,10.962491425581351,0.5273508773662865,34.837542291820995,2.0878860698901587,0.29124819472250296,-9.647292332002936,107.67894147140319,shale
3443.4434434434434,12.074592226487121,0.523559271634155,52.12970920810242,2.1634756667569075,0.2703744707979033,-16.408844157788085,91.66976861316995,shale
3453.4534534534537,11.060761966338008,0.6406666416487525,45.68933486909488,2.314352177858303,0.3929326342808893,-16.159978317372634,82.4826002764889,shale
3463.4634634634635,12.071527149256434,0.4520911238372844,59.5838939634157,2.3774944219340473,0.28956492893804403,-14.190533871606956,108.00893942798585,shale
3473.4734734734734,12.792408711998707,0.6597834863082843,56.122301291355214,2.6395834016252575,0.2932094009082369,-12.876331114574073,81.18670486137592,shale
3483.4834834834833,11.16056313916625,0.6756321383601019,46.813854311589985,2.7828272494868322,0.29172524874842953,-4.837872521724082,106.98029765193854,shale
3493.4934934934936,14.429846151217912,0.6236071264576475,47.68224175411275,2.6254809492486912,0.3240947311849367,-8.823737417890376,108.79279663655988,shale
3503.5035035035035,13.551915909365173,0.613061500237597,52.18486755003765,2.764399422426776,0.3868285346880508,-5.297291496039666,104.84368607342705,shale
3513.5135135135133,14.329362810500374,0.455988282828293,37.235172420036186,2.275926645724616,0.28327502321870895,-11.024271488275392,117.72935896054994,shale
3523.5235235235236,11.855766803255205,0.8184757965463569,40.45918857097254,2.635026793189134,0.29775945511129376,-13.630741317423155,82.43695646208882,shale
3533.5335335335335,15.28265614917219,0.48800172797135893,50.54822932059085,1.9968601812543039,0.3545766021791653,-15.951701022440641,124.10756613840095,shale
3543.5435435435434,9.319233542444357,0.5376499102688072,42.59219347317691,2.5198575315349903,0.33090068095789765,-16.953528917808207,104.14521215223897,shale
3553.5535535535537,12.136732749783276,0.37509967491555246,42.34916890076888,2.7163064514366972,0.2785755107679865,-11.214927189397219,98.68051539856805,shale
3563.5635635635635,14.202254942306535,0.5599839829665455,54.51218902436233,2.751906504366952,0.3270709212397724,-7.131835161429153,107.04956509971379,shale
3573.5735735735734,10.6754731896615,0.5946364637522789,67.8312379906155,2.5319620159606058,0.3963890221809187,-1.173513041501229,80.0263858236175,shale
3583.5835835835837,13.209406472175468,0.8881854716989781,40.21824068811646,2.242191250643663,0.20813000229998552,-18.082810996430865,96.89814431116218,shale
3593.5935935935936,9.957235660803121,0.447494197386909,50.98522292370002,2.8520597813180384,0.26792724090570047,-10.055985236653928,94.39852906659007,shale
3603.6036036036035,13.512162168982941,0.5896312267192394,36.054446991856196,2.4154797747177748,0.31615892118988664,-13.818512867629327,107.18648765779713,shale
